,,,,,,
CONDADOS,APPRAISAL,GIS,CLERKS OFFICE,CONDADO,COD ENFORCEMENT,PLANNING AND ZONING
MIAMI-DADE,https://www.miamidade.gov/Apps/PA/propertysearch/#/,https://gisweb.miamidade.gov/landinformation/,https://onlineservices.miamidadeclerk.gov/officialrecords/StandardSearch.aspx,https://www.miamidade.gov/,https://www.miamidade.gov/global/service.page?Mduid_service=ser1489075928620972,https://www.miamidade.gov/zoning/
BROWARD,https://web.bcpa.net/BcpaClient/#/,https://gis.broward.org/gismap/,https://officialrecords.broward.org/AcclaimWeb/search/SearchTypeName,https://www.broward.org/,https://www.broward.org/CodeAppeals/Pages/Default.aspx,https://www.broward.org/Planning/Zoning/Pages/default.aspx
ORANGE,https://www.ocpafl.org/searches/ParcelSearch.aspx,https://ocpagis.ocpafl.org/,https://www.myorangeclerk.com/,https://www.orangefl.gov/,https://www.orangefl.gov/code-enforcement,https://www.orangecountyfl.net/PermitsLicenses/ZoningDivision.aspx
HILLSBOROUGH,https://www.hcpafl.org/PropertySearch,https://www.hcpafl.org/GIS,https://www.hillsboroughclerkofcourt.org/,https://www.hillsboroughfl.gov/,https://www.hillsboroughfl.gov/code-enforcement,https://www.hillsboroughcounty.org/en/residents/property-owners-and-renters/zoning
PINELLAS,https://www.pcpao.org/,https://www.pcpao.org/apps/property-search/,https://www.pinellasclerkofcourt.org/,https://www.pinellasfl.gov/,https://www.pinellasfl.gov/code-enforcement,https://www.pinellas.gov/department/planning/
COLLIER,https://www.collierappraiser.com/,https://www.collierappraiser.com/,https://www.collierclerkofcourt.org/,https://www.collierfl.gov/,https://www.collierfl.gov/code-enforcement,https://www.colliercountyfl.gov/your-government/divisions-f-r/growth-management-department/planning-and-zoning
LEE,https://www.leepa.org/,https://www.leepa.org/,https://www.leeclerkofcourt.org/,https://www.leefl.gov/,https://www.leefl.gov/code-enforcement,https://www.leegov.com/dcd/Planning
OSCEOLA,https://www.property-appraiser.org/,https://www.property-appraiser.org/,https://www.osceolaclerkofcourt.org/,https://www.osceolafl.gov/,https://www.osceolafl.gov/code-enforcement,https://www.osceola.org/agencies-departments/community-development/planning-zoning/
SARASOTA,https://www.sc-pa.com/,https://www.sc-pa.com/,https://www.sarasotaclerkofcourt.org/,https://www.sarasotafl.gov/,https://www.sarasotafl.gov/code-enforcement,https://www.scgov.net/government/planning-and-development-services/planning-and-development-services
MARTIN,https://www.pa.martin.fl.us/,https://geoweb.martin.fl.us/general/,https://www.martinclerkofcourt.org/,https://www.martinfl.gov/,https://www.martinfl.gov/code-enforcement,https://www.martinfl.gov/planning-zoning
PALM BEACH,https://www.pbcgov.org/papa/Asps/PropertySearch/PropertySearch.aspx,https://www.pbcgov.org/papa/,https://www.palmbeachclerkofcourt.org/,https://www.palmbeachfl.gov/,https://www.palmbeachfl.gov/code-enforcement,https://discover.pbc.gov/pzb/Zoning/Pages/default.aspx
POLK,https://www.polkpa.org/,https://www.polkpa.org/,https://polk.county-taxes.com/public/real_estate/parcels,https://www.polk.county-fl.net/,https://www.polk.county-fl.net/departments/code-enforcement,https://www.polk.county-fl.net/departments/planning-development
MANATEE,https://www.manateepao.com/,https://www.manateepao.com/,https://www.manateeclerkofcourt.org/,https://www.manateefl.gov/,https://www.manateefl.gov/code-enforcement,https://www.mymanatee.org/departments/planning_development
SEMINOLE,https://www.scpafl.org/,https://www.scpafl.org/,https://www.seminoleclerkofcourt.org/,https://www.seminolefl.gov/,https://www.seminolefl.gov/code-enforcement,https://www.seminolecountyfl.gov/departments-services/county-managers-office/planning-development/
VOLUSIA,https://www.vcpa.vcgov.org/,https://www.vcpa.vcgov.org/,https://www.volusiaclerkofcourt.org/,https://www.volusiafl.gov/,https://www.volusiafl.gov/code-enforcement,https://www.volusia.org/services/growth-and-resource-management/planning-and-development/
HENDRY,https://www.hendrypa.net/,https://www.hendrypa.net/,https://www.hendryclerkofcourt.org/,https://www.hendryfl.gov/,https://www.hendryfl.gov/code-enforcement,https://www.hendryfl.gov/planning-zoning
BREVARD,https://www.bcpao.us/PropertySearch/#/,https://www.bcpao.us/,https://www.brevardclerkofcourt.org/,https://www.brevardfl.gov/,https://www.brevardfl.gov/code-enforcement,https://www.brevardfl.gov/PlanningAndDevelopment/Home
CHARLOTTE,https://www.ccappraiser.com/,https://www.ccappraiser.com/,https://www.charlotteclerkofcourt.org/,https://www.charlottefl.gov/,https://www.charlottefl.gov/code-enforcement,https://www.charlottecountyfl.gov/departments/community-development/planning-zoning.stml
LAKE,https://www.lakecopropappr.com/,https://www.lakecopropappr.com/,https://www.lakeclerkofcourt.org/,https://www.lakefl.gov/,https://www.lakefl.gov/code-enforcement,https://www.lakecountyfl.gov/departments/growth_management/planning_and_zoning/
PASCO,https://www.pascopa.com/,https://www.pascopa.com/,https://www.pascoclerkofcourt.org/,https://www.pascofl.gov/,https://www.pascofl.gov/code-enforcement,https://www.pascocountyfl.net/1404/Planning-Zoning
MARION,https://www.pa.marion.fl.us/,https://www.pa.marion.fl.us/,https://www.marionclerkofcourt.org/,https://www.marionfl.gov/,https://www.marionfl.gov/code-enforcement,https://www.marionfl.org/agencies-departments/departments-facilities-offices/growth-services/planning-zoning
INDIAN RIVER,https://www.ircpa.org/,https://www.ircpa.org/,https://www.indianriverclerkofcourt.org/,https://www.indianriverfl.gov/,https://www.indianriverfl.gov/code-enforcement,https://www.ircgov.com/Departments/Community-Development/Planning-Zoning.htm
ALACHUA,https://www.acpafl.org/,https://www.acpafl.org/,https://www.alachuaclerkofcourt.org/,https://www.alachuafl.gov/,https://www.alachuafl.gov/code-enforcement,https://growth-management.alachuacounty.us/Planning
HIGHLANDS,https://www.hcpao.org/,https://www.hcpao.org/,https://www.highlandsclerkofcourt.org/,https://www.highlandsfl.gov/,https://www.highlandsfl.gov/code-enforcement,https://www.highlandsfl.gov/planning-zoning
ST. LUCIE,https://www.paslc.gov/,https://www.paslc.gov/,https://www.stlucieclerkofcourt.org/,https://www.stluciefl.gov/,https://www.stluciefl.gov/code-enforcement,https://www.stlucieco.gov/departments-services/a-z/community-development/planning-zoning
FLAGLER,https://www.flaglerpa.com/,https://www.flaglerpa.com/,https://www.flaglerclerkofcourt.org/,https://www.flaglerfl.gov/,https://www.flaglerfl.gov/code-enforcement,https://www.flaglercounty.gov/Growth-Building/Planning-and-Zoning
JEFFERSON,https://qpublic.schneidercorp.com/Application.aspx?AppID=1029,https://gis.jeffersonfl.gov/,https://www.jeffersonclerkofcourt.org/,https://www.jeffersonfl.gov/,https://www.jeffersonfl.gov/code-enforcement,https://www.jeffersonfl.gov/planning-zoning
WAKULLA,https://qpublic.schneidercorp.com/Application.aspx?AppID=1037,https://gis.wakullafl.gov/,https://www.wakullaclerkofcourt.org/,https://www.wakullafl.gov/,https://www.wakullafl.gov/code-enforcement,https://www.wakullafl.gov/planning-zoning
LEON,https://www.leonpa.org/,https://www.leonpa.org/,https://www.leonclerkofcourt.org/,https://www.leonfl.gov/,https://www.leonfl.gov/code-enforcement,https://www.leonpa.org/
CITRUS,https://www.pa.citrus.fl.us/,https://gis.citrusbocc.com/address-lookup.html,https://www.citrusclerkofcourt.org/,https://www.citrusfl.gov/,https://www.citrusfl.gov/code-enforcement,https://www.citrusbocc.com/departments/community_development/planning_and_development.php
ST. JOHNS,https://www.sjcpa.us/,https://www.sjcpa.us/,https://www.stjohnsclerkofcourt.org/,https://www.stjohnsfl.gov/,https://www.stjohnsfl.gov/code-enforcement,https://www.sjcfl.us/GMS/PlanningZoning/
HERNANDO,https://www.hernandocounty.us/departments/departments-a-c/county-appraiser,https://www.hernandocounty.us/departments/departments-a-c/county-appraiser,https://www.hernandoclerkofcourt.org/,https://www.hernandofl.gov/,https://www.hernandofl.gov/code-enforcement,https://www.hernandocounty.us/departments/departments-n-z/planning
SUMTER,https://www.sumterpa.com/,https://www.sumterpa.com/,https://www.sumterclerkofcourt.org/,https://www.sumterfl.gov/,https://www.sumterfl.gov/code-enforcement,https://www.sumtercountyfl.gov/169/Planning-Zoning
GULF,https://qpublic.schneidercorp.com/Application.aspx?AppID=1024,https://gis.gulffl.gov/,https://www.gulfclerkofcourt.org/,https://www.gulffl.gov/,https://www.gulffl.gov/code-enforcement,https://www.gulffl.gov/planning-zoning
TAYLOR,https://qpublic.schneidercorp.com/Application.aspx?AppID=1035,https://gis.taylorfl.gov/,https://www.taylorclerkofcourt.org/,https://www.taylorfl.gov/,https://www.taylorfl.gov/code-enforcement,https://www.taylorfl.gov/planning-zoning
MADISON,https://qpublic.schneidercorp.com/Application.aspx?AppID=1033,https://gis.madisonfl.gov/,https://www.madisonclerkofcourt.org/,https://www.madisonfl.gov/,https://www.madisonfl.gov/code-enforcement,https://www.madisonfl.gov/planning-zoning
HAMILTON,https://qpublic.schneidercorp.com/Application.aspx?AppID=1025,https://gis.hamiltonfl.gov/,https://www.hamiltonclerkofcourt.org/,https://www.hamiltonfl.gov/,https://www.hamiltonfl.gov/code-enforcement,https://hamiltoncountyfl.com/planning-land-use-and-zoning/
LIBERTY,https://qpublic.schneidercorp.com/Application.aspx?AppID=1032,https://gis.libertyfl.gov/,https://www.libertyclerkofcourt.org/,https://www.libertyfl.gov/,https://www.libertyfl.gov/code-enforcement,https://www.libertyfl.gov/planning-zoning
GADSDEN,https://qpublic.schneidercorp.com/Application.aspx?AppID=1021,https://gis.gadsdenfl.gov/,https://www.gadsdenclerkofcourt.org/,https://www.gadsdenfl.gov/,https://www.gadsdenfl.gov/code-enforcement,https://www.gadsdenfl.gov/planning-zoning
BRADFORD,https://qpublic.schneidercorp.com/Application.aspx?AppID=1014,https://gis.bradfordfl.gov/,https://www.bradfordclerkofcourt.org/,https://www.bradfordfl.gov/,https://www.bradfordfl.gov/code-enforcement,https://www.bradfordfl.gov/planning-zoning
HOLMES,https://qpublic.schneidercorp.com/Application.aspx?AppID=1027,https://gis.holmesfl.gov/,https://www.holmesclerkofcourt.org/,https://www.holmesfl.gov/,https://www.holmesfl.gov/code-enforcement,https://www.holmesfl.gov/planning-zoning
WASHINGTON,https://qpublic.schneidercorp.com/Application.aspx?AppID=1039,https://gis.washingtonfl.gov/,https://www.washingtonclerkofcourt.org/,https://www.washingtonfl.gov/,https://www.washingtonfl.gov/code-enforcement,https://www.washingtonfl.gov/planning-zoning
FRANKLIN,https://qpublic.schneidercorp.com/Application.aspx?AppID=1020,https://gis.franklinfl.gov/,https://www.franklinclerkofcourt.org/,https://www.franklinfl.gov/,https://www.franklinfl.gov/code-enforcement,https://www.franklinfl.gov/planning-zoning
GLADES,https://qpublic.schneidercorp.com/Application.aspx?AppID=1023,https://gis.gladesfl.gov/,https://www.gladesclerkofcourt.org/,https://www.gladesfl.gov/,https://www.gladesfl.gov/code-enforcement,https://www.gladesfl.gov/planning-zoning
DESOTO,https://qpublic.schneidercorp.com/Application.aspx?AppID=1018,https://gis.desotofl.gov/,https://www.desotoclerkofcourt.org/,https://www.desotofl.gov/,https://www.desotofl.gov/code-enforcement,https://www.desotofl.gov/planning-zoning
SUWANNEE,https://qpublic.schneidercorp.com/Application.aspx?AppID=1034,https://gis.suwanneefl.gov/,https://www.suwanneeclerkofcourt.org/,https://www.suwanneefl.gov/,https://www.suwanneefl.gov/code-enforcement,https://www.suwanneefl.gov/planning-zoning
COLUMBIA,https://qpublic.schneidercorp.com/Application.aspx?AppID=1017,https://gis.columbiafl.gov/,https://www.columbiaclerkofcourt.org/,https://www.columbiafl.gov/,https://www.columbiafl.gov/code-enforcement,https://www.columbiafl.gov/planning-zoning
GILCHRIST,https://qpublic.schneidercorp.com/Application.aspx?AppID=1022,https://gis.gilchristfl.gov/,https://www.gilchristclerkofcourt.org/,https://www.gilchristfl.gov/,https://www.gilchristfl.gov/code-enforcement,https://www.gilchristfl.gov/planning-zoning
JACKSON,https://qpublic.schneidercorp.com/Application.aspx?AppID=1028,https://gis.jacksonfl.gov/,https://www.jacksonclerkofcourt.org/,https://www.jacksonfl.gov/,https://www.jacksonfl.gov/code-enforcement,https://www.jacksonfl.gov/planning-zoning
BAKER,https://qpublic.schneidercorp.com/Application.aspx?AppID=1013,https://gis.bakerfl.gov/,https://www.bakerclerkofcourt.org/,https://www.bakerfl.gov/,https://www.bakerfl.gov/code-enforcement,https://www.bakerfl.gov/planning-zoning
BAY,https://www.qpublic.net/fl/bay/,https://www.qpublic.net/fl/bay/,https://www.bayclerkofcourt.org/,https://www.bayfl.gov/,https://www.bayfl.gov/code-enforcement,https://www.baycountyfl.gov/276/Planning-Zoning
CLAY,https://www.ccpao.com/,https://www.ccpao.com/,https://www.clayclerkofcourt.org/,https://www.clayfl.gov/,https://www.clayfl.gov/code-enforcement,https://www.claycountygov.com/community/planning-zoning
PUTNAM,https://qpublic.schneidercorp.com/Application.aspx?AppID=1009,https://qpublic.schneidercorp.com/Application.aspx?AppID=1009,https://www.putnam-fl.com/departments/clerk_of_courts/,https://www.putnam-fl.com/,https://www.putnam-fl.com/departments/code_enforcement/,https://www.putnam-fl.gov/departments/planning-development/
LAFAYETTE,https://qpublic.schneidercorp.com/Application.aspx?AppID=1030,https://gis.lafayettefl.gov/,https://www.lafayetteclerkofcourt.org/,https://www.lafayettefl.gov/,https://www.lafayettefl.gov/code-enforcement,https://www.lafayettefl.gov/planning-zoning
LEVY,https://qpublic.schneidercorp.com/Application.aspx?AppID=1031,https://gis.levyfl.gov/,https://www.levyclerkofcourt.org/,https://www.levyfl.gov/,https://www.levyfl.gov/code-enforcement,https://www.levyfl.gov/planning-zoning
OKEECHOBEE,https://www.okeechobeepa.com/,https://www.okeechobeepa.com/,https://www.okeechobeeclerkofcourt.org/,https://www.okeechobeefl.gov/,https://www.okeechobeefl.gov/code-enforcement,https://www.okeechobeefl.gov/planning-zoning
SANTA ROSA,https://www.srcpa.org/,https://www.srcpa.org/,https://www.santarosaclerkofcourt.org/,https://www.santarosafl.gov/,https://www.santarosafl.gov/code-enforcement,https://www.santarosa.fl.gov/1062/Planning-Zoning-GIS
OKALOOSA,https://www.okaloosapa.com/,https://webgis.myokaloosa.com/,https://www.okaloosaclerkofcourt.org/,https://www.okaloosafl.gov/,https://www.okaloosafl.gov/code-enforcement,https://www.myokaloosa.com/growth-management/planning
WALTON,https://www.waltonpa.com/,https://www.waltonpa.com/,https://www.waltonclerkofcourt.org/,https://www.waltonfl.gov/,https://www.waltonfl.gov/code-enforcement,https://www.co.walton.fl.us/161/Planning-Development-Services
UNION,https://qpublic.schneidercorp.com/Application.aspx?AppID=1036,https://gis.unionfl.gov/,https://www.unionclerkofcourt.org/,https://www.unionfl.gov/,https://www.unionfl.gov/code-enforcement,https://www.unionfl.gov/planning-zoning
HARDEE,https://qpublic.schneidercorp.com/Application.aspx?AppID=1026,https://gis.hardeefl.gov/,https://www.hardeeclerkofcourt.org/,https://www.hardeefl.gov/,https://www.hardeefl.gov/code-enforcement,https://www.hardeefl.gov/planning-zoning
DIXIE,https://qpublic.schneidercorp.com/Application.aspx?AppID=1019,https://gis.dixiefl.gov/,https://www.dixieclerkofcourt.org/,https://www.dixiefl.gov/,https://www.dixiefl.gov/code-enforcement,https://www.dixiefl.gov/planning-zoning
CALHOUN,https://qpublic.schneidercorp.com/Application.aspx?AppID=1015,https://gis.calhounfl.gov/,https://www.calhounclerkofcourt.org/,https://www.calhounfl.gov/,https://www.calhounfl.gov/code-enforcement,https://www.calhounfl.gov/planning-zoning
DUVAL,https://paopropertysearch.coj.net/,https://paopropertysearch.coj.net/,https://www.duvalclerkofcourt.org/,https://www.duvalfl.gov/,https://www.duvalfl.gov/code-enforcement,https://www.coj.net/departments/planning-and-development
ESCAMBIA,https://www.escpa.org/,https://www.escpa.org/,https://www.escambiaclerkofcourt.org/,https://www.escambiafl.gov/,https://www.escambiafl.gov/code-enforcement,https://myescambia.com/our-services/building-services/planning-and-zoning
MONROE,https://www.mcpafl.org/,https://www.mcpafl.org/,https://www.monroeclerkofcourt.org/,https://www.monroefl.gov/,https://www.monroefl.gov/code-enforcement,https://www.monroefl.gov/planning-zoning
NASSAU,https://www.nassauflpa.com/,https://www.nassauflpa.com/,https://www.nassauclerkofcourt.org/,https://www.nassaufl.gov/,https://www.nassaufl.gov/code-enforcement,https://www.nassauflpa.com/
